node 1,node 2,free flow travel time,driver dependent time
S1,A,10,0
S1,W0,0,0
S2,V1,0,0
S2,W0,0,0
A,W1,0,0
A,W2,0,0
W0,W1,0,0.00333333333
V1,V2,0,0.00333333333
V2,W2,0,0
V2,V3,0,0
V3,T1,0,0
W1,V1,0,0
W1,W2,0,0
W2,W3,0,0.00666666666
W3,V3,0,0
W3,T2,0,0